{
    "metrics": {
        "data_received": {
            "count": 2912860,
            "rate": 48547.51319422233
        },
        "data_sent": {
            "count": 508550,
            "rate": 8475.806538907385
        },
        "http_req_blocked": {
            "avg": 9.95864376967102,
            "max": 1012.712,
            "med": 0,
            "min": 0,
            "p(90)": 0.001,
            "p(95)": 0.001
        },
        "http_req_connecting": {
            "avg": 1.9717124606554344,
            "max": 111.872,
            "med": 0,
            "min": 0,
            "p(90)": 0,
            "p(95)": 0
        },
        "http_req_duration": {
            "avg": 106.93720125902618,
            "max": 739.037,
            "med": 103.604,
            "min": 94.451,
            "p(90)": 110.058,
            "p(95)": 114.394
        },
        "http_req_receiving": {
            "avg": 0.2515645250879474,
            "max": 9.48,
            "med": 0.16,
            "min": 0.026,
            "p(90)": 0.506,
            "p(95)": 0.755
        },
        "http_req_sending": {
            "avg": 0.04301296056285876,
            "max": 0.484,
            "med": 0.038,
            "min": 0.016,
            "p(90)": 0.062,
            "p(95)": 0.072
        },
        "http_req_tls_handshaking": {
            "avg": 7.131036659877798,
            "max": 854.882,
            "med": 0,
            "min": 0,
            "p(90)": 0,
            "p(95)": 0
        },
        "http_req_waiting": {
            "avg": 106.64262377337508,
            "max": 738.749,
            "med": 103.278,
            "min": 93.949,
            "p(90)": 109.791,
            "p(95)": 114.256
        },
        "http_reqs": {
            "count": 5401,
            "rate": 90.0163820993782
        },
        "iteration_duration": {
            "avg": 1117.0999077106026,
            "max": 2117.860593,
            "med": 1103.82938,
            "min": 0.001174,
            "p(90)": 1110.919188,
            "p(95)": 1116.3700455
        },
        "iterations": {
            "count": 5310,
            "rate": 88.49972022730944
        },
        "simple_request_duration": {
            "avg": 106.93720125902618,
            "max": 739.037,
            "med": 103.604,
            "min": 94.451,
            "p(90)": 110.058,
            "p(95)": 114.394,
            "thresholds": {
                "p(95)<120": false
            }
        },
        "vus": {
            "max": 100,
            "min": 100,
            "value": 100
        },
        "vus_max": {
            "max": 100,
            "min": 100,
            "value": 100
        }
    },
    "root_group": {
        "name": "",
        "path": "",
        "id": "d41d8cd98f00b204e9800998ecf8427e",
        "groups": {},
        "checks": {}
    }
}
